,Language_have_worked_with,Language_have_worked_with_Count,Language_Want_To_Work_With,Language_Want_To_Work_With_Count
0,JavaScript,14943,JavaScript,11541
1,SQL,12602,SQL,10944
2,HTML/CSS,12410,TypeScript,10437
3,TypeScript,10709,HTML/CSS,10016
4,Python,9590,Python,8919
5,Bash/Shell (all shells),7244,Go,5661
6,C#,6340,Rust,5597
7,Java,5982,C#,5590
8,PHP,4644,Bash/Shell (all shells),5582
9,PowerShell,3438,Java,4048
10,Go,3305,PHP,2794
11,C++,3081,Kotlin,2738
12,C,2777,C++,2341
13,Rust,2284,PowerShell,2074
14,Kotlin,1958,C,1833
15,Ruby,1500,Dart,1506
16,Dart,1390,Swift,1382
17,Lua,1160,Elixir,1333
18,Visual Basic (.Net),957,Ruby,1294
19,Swift,898,Zig,1136
20,Groovy,756,Lua,1069
21,R,711,Assembly,594
22,VBA,710,R,591
23,Assembly,685,Scala,569
24,Elixir,673,F#,531
25,MATLAB,592,Haskell,516
26,Scala,507,GDScript,494
27,Perl,463,Erlang,455
28,Objective-C,390,Clojure,447
29,GDScript,387,Solidity,419
30,Delphi,349,MicroPython,376
31,Solidity,302,Groovy,344
32,Haskell,300,Lisp,331
33,MicroPython,285,OCaml,321
34,Erlang,251,Visual Basic (.Net),319
35,Clojure,245,Julia,254
36,Lisp,237,Perl,244
37,F#,194,VBA,225
38,Zig,187,Objective-C,218
39,Apex,176,MATLAB,204
40,Prolog,151,Delphi,159
41,Julia,143,Crystal,156
42,Fortran,141,Nim,146
43,Cobol,122,Apex,128
44,Ada,107,Cobol,117
45,OCaml,105,Prolog,109
46,Crystal,83,Ada,102
47,Nim,54,Fortran,89
48,Zephyr,39,Zephyr,63
